title,link,author,pubDate,description,isbn,isbn13,itemId,priceSales,priceStandard,mallType,stockStatus,mileage,cover,categoryId,categoryName,publisher,salesPoint,adult,fixedPrice,customerReviewRank,bestRank,subInfo,seriesInfo
나의 돈키호테,http://www.aladin.co.kr/shop/wproduct.aspx?ItemId=337989482&amp;partner=openAPI&amp;start=api,김호연 (지은이),2024-04-25,150만 독자가 애독하며 수만 개의 입소문 리뷰를 탄생시킨 국민 힐링소설 『불편한 편의점』의 작가 김호연이 소설 『나의 돈키호테』로 돌아왔다. 이제는 사라진 옛날 동네 비디오 가게에서 시작되는 꿈과 모험의 여정을 담은 소설이다.,K852930477,9791161571768,337989482,16200,18000,BOOK,,900,https://image.aladin.co.kr/product/33798/94/coversum/k852930477_2.jpg,50993,국내도서>소설/시/희곡>한국소설>2000년대 이후 한국소설,나무옆의자,62795,False,True,10,1,{},
녹나무의 여신,http://www.aladin.co.kr/shop/wproduct.aspx?ItemId=339534294&amp;partner=openAPI&amp;start=api,"히가시노 게이고 (지은이), 양윤옥 (옮긴이)",2024-05-23,2020년 3월 히가시노 게이고의 작가 데뷔 35주년을 기념해 전 세계에 동시 출간된 《녹나무의 파수꾼》의 속편 《녹나무의 여신》이 이번에도 일본과 동시 출간된다. 레이토가 여러 사람과 만나 우여곡절을 거듭하며 기적의 새로운 의미를 찾아가는 내용을 담았다.,K682930336,9791138483049,339534294,16920,18800,BOOK,,940,https://image.aladin.co.kr/product/33953/42/coversum/k682930336_1.jpg,50998,국내도서>소설/시/희곡>일본소설>1950년대 이후 일본소설,㈜소미미디어,31380,False,True,10,2,{},
누군가를 이토록 사랑한 적,http://www.aladin.co.kr/shop/wproduct.aspx?ItemId=338244352&amp;partner=openAPI&amp;start=api,이병률 (지은이),2024-04-24,시인 이병률의 일곱번째 시집 『누군가를 이토록 사랑한 적』이 문학과지성사 시인선 601번으로 출간되었다. 사랑이라는 명명하에 바닷빛과 하늘빛이 절묘하게 어우러진 테두리와 낮은 채도의 소라색 바탕이 겹쳐진 이번 시집은 마치 파블로 피카소가 절친한 친구의 자살 이후 짙은 푸른색만을 고집했던 청색시대(1901~1904)를 연상시킨다.,8932042721,9788932042725,338244352,10800,12000,BOOK,,600,https://image.aladin.co.kr/product/33824/43/coversum/8932042721_1.jpg,51167,국내도서>소설/시/희곡>시>한국시,문학과지성사,48470,False,True,10,3,{},"{'seriesId': 4612, 'seriesLink': 'http://www.aladin.co.kr/shop/common/wseriesitem.aspx?SRID=4612&amp;partner=openAPI', 'seriesName': '문학과지성 시인선 601'}"
내일의 으뜸,http://www.aladin.co.kr/shop/wproduct.aspx?ItemId=245688392&amp;partner=openAPI&amp;start=api,김빵 (지은이),2020-07-17,"김빵 장편소설. 대학 졸업을 앞두고 있는 평범한 취준생, 임솔. 아이돌 그룹 '감자전' 제5의 멤버 류선재의 덕후라는 사실을 숨긴 채 일반인 코스프레 중이다. 속보 - 아이돌 그룹 '감자전'의 멤버 류선재, 사망!",K882631974,9791165653330,245688392,11700,13000,BOOK,,650,https://image.aladin.co.kr/product/24568/83/coversum/k882631974_3.jpg,51125,국내도서>소설/시/희곡>로맨스소설>한국 로맨스소설,다향,46607,False,True,10,4,{},
프란츠 카프카 : 알려진 혹은 비밀스러운,http://www.aladin.co.kr/shop/wproduct.aspx?ItemId=337401741&amp;partner=openAPI&amp;start=api,"라데크 말리 (지은이), 레나타 푸치코바 (그림), 김성환 (옮긴이), 편영수 (감수)",2024-05-07,"위대한 작가이기 전에 한 사람으로서의 프란츠 카프카. 사후 100주기를 추모하며 카프카의 삶과 작품 그리고 그의 세계를 돌아보고자 한다. 이미 카프카를 알고 있는 독자도, 카프카를 알고 싶은 독자도 이 책을 통해 새로운 시선으로 카프카를 보게 될 것이다.",K482930766,9791198275042,337401741,15300,17000,BOOK,,850,https://image.aladin.co.kr/product/33740/17/coversum/k482930766_3.jpg,50922,국내도서>소설/시/희곡>독일소설,소전서가,5855,False,True,10,5,{},
이처럼 사소한 것들,http://www.aladin.co.kr/shop/wproduct.aspx?ItemId=329386807&amp;partner=openAPI&amp;start=api,"클레어 키건 (지은이), 홍한별 (옮긴이)",2023-11-27,2023년 4월 국내에 처음 소개된 『맡겨진 소녀』로 국내 문인들과 문학 독자들의 열렬한 환호를 받은 클레어 키건의 대표작. 자신이 속한 사회 공동체의 은밀한 공모를 발견하고 자칫 모든 걸 잃을 수 있는 선택 앞에서 고뇌하는 한 남자의 내면을 그린 작품이다.,K472936042,9791130646381,329386807,12420,13800,BOOK,,690,https://image.aladin.co.kr/product/32938/68/coversum/k472936042_1.jpg,52652,국내도서>소설/시/희곡>세계의 소설>아일랜드소설,다산책방,190075,False,True,9,6,{},
"소년이 온다 (10주년 한정 특별판, 양장)",http://www.aladin.co.kr/shop/wproduct.aspx?ItemId=339218521&amp;partner=openAPI&amp;start=api,한강 (지은이),2024-05-10,"2014년 만해문학상, 2017년 이탈리아 말라파르테 문학상을 수상하고 전세계 20여개국에 번역 출간되며 세계를 사로잡은 우리 시대의 소설 『소년이 온다』를 출간 10주년을 맞아 특별한정판으로 새롭게 선보인다.",8936434128,9788936434120,339218521,13500,15000,BOOK,,750,https://image.aladin.co.kr/product/33921/85/coversum/k532930932_1.jpg,50993,국내도서>소설/시/희곡>한국소설>2000년대 이후 한국소설,창비,93179,False,True,10,7,{},
흐르는 강물처럼,http://www.aladin.co.kr/shop/wproduct.aspx?ItemId=331619107&amp;partner=openAPI&amp;start=api,"셸리 리드 (지은이), 김보람 (옮긴이)",2024-01-08,"자신이 아무것도 아닌 줄만 알았던 열일곱 살 소녀가 사랑의 환희와 상실의 고통을 온몸으로 감내하는 번데기 시절을 거쳐 비로소 나비가 되는 이야기다. 뒤돌아보지 않는 자연에서 배운, 거스를 수 없는 회복력으로 살아내는 주인공은 끝내 누구도 빼앗을 수 없는 결실을 거머쥔다.",K622937235,9791130649672,331619107,15300,17000,BOOK,,850,https://image.aladin.co.kr/product/33161/91/coversum/k622937235_2.jpg,50919,국내도서>소설/시/희곡>영미소설,다산책방,53663,False,True,10,8,{},
모순 - 개정판,http://www.aladin.co.kr/shop/wproduct.aspx?ItemId=25843736&amp;partner=openAPI&amp;start=api,양귀자 (지은이),2013-04-01,"작가 양귀자가 1998년 펴낸 세 번째 장편소설로, 책이 나온 지 한 달 만에 무서운 속도로 베스트셀러 1위에 진입, 출판계를 놀라게 하고 그해 최고의 베스트셀러로 자리 잡으면서 ‘양귀자 소설의 힘’을 다시 한 번 유감없이 보여준 소설이다.",8998441012,9788998441012,25843736,11700,13000,BOOK,,650,https://image.aladin.co.kr/product/2584/37/coversum/8998441012_3.jpg,50994,국내도서>소설/시/희곡>한국소설>2000년대 이전 한국소설,쓰다,116789,False,True,9,9,{},
율의 시선,http://www.aladin.co.kr/shop/wproduct.aspx?ItemId=338588321&amp;partner=openAPI&amp;start=api,김민서 (지은이),2024-04-26,『완득이』 『위저드 베이커리』 『페인트』 등 생생한 청소년의 현실을 담으며 꾸준한 사랑을 받아 온 창비청소년문학상이 반짝이는 신예 작가의 새 소설을 선보인다. “마지막 장을 넘긴 뒤에도 잔상이 남을 정도로 인상적이다.”라는 청소년심사단의 찬사와 함께 압도적인 지지를 받으며 수상작으로 선정된 김민서 장편소설 『율의 시선』이다.,893645725X,9788936457259,338588321,11700,13000,BOOK,,650,https://image.aladin.co.kr/product/33858/83/coversum/893645725x_1.jpg,50759,국내도서>청소년>청소년 문학>청소년 소설,창비,25515,False,True,10,10,{},"{'seriesId': 4516, 'seriesLink': 'http://www.aladin.co.kr/shop/common/wseriesitem.aspx?SRID=4516&amp;partner=openAPI', 'seriesName': '창비청소년문학 125'}"
퐁 카페의 마음 배달 고양이,http://www.aladin.co.kr/shop/wproduct.aspx?ItemId=338999287&amp;partner=openAPI&amp;start=api,"시메노 나기 (지은이), 박정임 (옮긴이)",2024-05-10,"사랑하는 존재를 떠나보낸 이들에게 “만남”이라는 꿈결 같은 기적을 선물하는 이야기가 찾아왔다. 일본 힐링 소설 분야 베스트셀러 작가로 떠오르는 시메노 나기의 『퐁 카페의 마음 배달 고양이』는 저승과 이승을 잇는 특별한 카페를 배경으로, 19년의 묘생을 마친 후타가 가슴 아픈 이별을 경험한 사람들의 소원을 이루어주는 과정을 그린다.",K432930827,9791130651682,338999287,15300,17000,BOOK,,850,https://image.aladin.co.kr/product/33899/92/coversum/k432930827_1.jpg,51120,국내도서>소설/시/희곡>판타지/환상문학>외국판타지/환상소설,놀,13690,False,True,10,11,{},
삼체 1~3 세트 - 전3권,http://www.aladin.co.kr/shop/wproduct.aspx?ItemId=243943792&amp;partner=openAPI&amp;start=api,"류츠신 (지은이), 이현아, 허유영 (옮긴이)",2020-07-06,아시아 최초로 휴고상을 수상하며 SF 거장으로 등극한 류츠신의 『삼체』의 개정 양장본 세트. 『1부―삼체문제』 『2부―암흑의 숲』 『3부―사신의 영생』으로 이어지는 ‘지구의 과거’ 3부작은 무수한 위험이 숨어 있는 ‘암흑의 숲’과 같은 우주에서 인류가 마주하게 될 운명을 대담한 상상력으로 그려냈다.,8954442684,9788954442688,243943792,60300,67000,BOOK,,3350,https://image.aladin.co.kr/product/24394/37/coversum/8954442684_3.jpg,89481,국내도서>소설/시/희곡>과학소설(SF)>외국 과학소설,자음과모음,64330,False,True,9,12,{},
2024 제15회 젊은작가상 수상작품집,http://www.aladin.co.kr/shop/wproduct.aspx?ItemId=337111317&amp;partner=openAPI&amp;start=api,"김멜라, 공현진, 김기태, 김남숙, 김지연, 성해나, 전지영 (지은이)",2024-03-31,2010년 제정된 이래 해를 거듭하며 독자들의 뜨거운 사랑을 받고 있는 젊은작가상이 어느덧 15회를 맞았다. 저만의 문제의식과 치열한 언어로 문학의 지평을 넓혀온 데뷔 십 년 이하 작가들의 눈부신 발돋움을 조명하고자 마련된 젊은작가상은 지난해까지 모두 62명에 이르는 새로운 얼굴을 소개하며 한국문학에 생기를 더했다.,8954638740,9788954638746,337111317,6930,7700,BOOK,,380,https://image.aladin.co.kr/product/33711/13/coversum/8954638740_1.jpg,50993,국내도서>소설/시/희곡>한국소설>2000년대 이후 한국소설,문학동네,79665,False,True,8,13,{},
내 이름은 데몬 코퍼헤드,http://www.aladin.co.kr/shop/wproduct.aspx?ItemId=336982163&amp;partner=openAPI&amp;start=api,"바버라 킹솔버 (지은이), 강동혁 (옮긴이)",2024-04-29,미국 생태주의 문학을 대표하며 국가 인문학 훈장을 수훈한 바버라 킹솔버의 최신작 장편소설이자 대표작으로 자리매김한 《내 이름은 데몬 코퍼헤드》는 175년 전 출간된 찰스 디킨스의 자전적 소설 《데이비드 코퍼필드》를 현대 독자의 감성에 맞추어 다시 쓰기 한 작품이다.,K112939149,9791167371683,336982163,22500,25000,BOOK,,1250,https://image.aladin.co.kr/product/33698/21/coversum/k112939149_2.jpg,50919,국내도서>소설/시/희곡>영미소설,은행나무,18950,False,True,9,14,{},
두 사람의 인터내셔널,http://www.aladin.co.kr/shop/wproduct.aspx?ItemId=338990710&amp;partner=openAPI&amp;start=api,김기태 (지은이),2024-05-15,"2022년 동아일보 신춘문예에서 “근래 보기 드문 강력하고 단단한 작품”, “처음부터 끝까지 단숨에 읽히게 만드는 흡인력이 돋보인다”는 평을 받으며 데뷔한 김기태의 첫 소설집 『두 사람의 인터내셔널』이 출간되었다.",8954697941,9788954697941,338990710,15120,16800,BOOK,,840,https://image.aladin.co.kr/product/33899/7/coversum/8954697941_1.jpg,50993,국내도서>소설/시/희곡>한국소설>2000년대 이후 한국소설,문학동네,36640,False,True,10,15,{},
맡겨진 소녀,http://www.aladin.co.kr/shop/wproduct.aspx?ItemId=315552626&amp;partner=openAPI&amp;start=api,"클레어 키건 (지은이), 허진 (옮긴이)",2023-04-26,"2009년 데이비 번스 문학상을 수상한 작품으로, 애정 없는 부모로부터 낯선 친척 집에 맡겨진 한 소녀의 이야기를 그린다. 이 책을 원작으로 하는 영화 「말없는 소녀」 또한 세계 관객들의 열렬한 호평을 받으며 올해 5월 31일 국내 개봉을 앞두고 있다.",K832832758,9791130698199,315552626,11700,13000,BOOK,,650,https://image.aladin.co.kr/product/31555/26/coversum/k832832758_1.jpg,52652,국내도서>소설/시/희곡>세계의 소설>아일랜드소설,다산책방,106653,False,True,9,16,{},
철도원 삼대,http://www.aladin.co.kr/shop/wproduct.aspx?ItemId=240581875&amp;partner=openAPI&amp;start=api,황석영 (지은이),2020-06-01,세계적인 거장 황석영이 장편소설 &lt;철도원 삼대&gt;로 한반도 백년의 역사를 꿰뚫는다. 구상부터 집필까지 30년의 세월이 걸린 이 역작은 철도원 가족을 둘러싼 방대한 서사를 통해 일제시대부터 현재까지 이어지는 노동자의 삶을 실감나게 다루며 대한민국 근현대사를 문학적으로 탁월하게 구현해냈다.,8936434438,9788936434434,240581875,18000,20000,BOOK,,1000,https://image.aladin.co.kr/product/24058/18/coversum/8936434438_3.jpg,50993,국내도서>소설/시/희곡>한국소설>2000년대 이후 한국소설,창비,32352,False,True,9,17,{},
삼체 1부 : 삼체문제,http://www.aladin.co.kr/shop/wproduct.aspx?ItemId=289126579&amp;partner=openAPI&amp;start=api,"류츠신 (지은이), 이현아 (옮긴이)",2022-02-15,아시아 최초로 휴고상을 수상하며 SF 거장으로 등극한 류츠신의 대표작. 『1부―삼체문제』 『2부―암흑의 숲』 『3부―사신의 영생』으로 이어지는 ‘지구의 과거’ 3부작은 무수한 위험이 숨어 있는 ‘암흑의 숲’과 같은 우주에서 인류가 마주하게 될 운명을 대담한 상상력으로 그려냈다.,8954442692,9788954442695,289126579,15300,17000,BOOK,,850,https://image.aladin.co.kr/product/28912/65/coversum/s772939656_2.jpg,89481,국내도서>소설/시/희곡>과학소설(SF)>외국 과학소설,자음과모음,35675,False,True,9,18,{},
인성에 비해 잘 풀린 사람 - 월급사실주의 2024,http://www.aladin.co.kr/shop/wproduct.aspx?ItemId=338559095&amp;partner=openAPI&amp;start=api,"남궁인, 손원평, 이정연, 임현석, 정아은, 천현우, 최유안, 한은형 (지은이)",2024-05-01,"동시대 한국사회에서 먹고살기 위해 일하는 보통 사람들의 삶에 대해, 발품을 팔아 사실적으로 쓴다는 규칙을 공유하며 결성된 ‘월급사실주의’ 동인의 단편소설 앤솔러지 『인성에 비해 잘 풀린 사람─월급사실주의 2024』가 출간되었다.",K152930309,9791141600143,338559095,15120,16800,BOOK,,840,https://image.aladin.co.kr/product/33855/90/coversum/k152930309_1.jpg,50993,국내도서>소설/시/희곡>한국소설>2000년대 이후 한국소설,문학동네,13140,False,True,10,19,{},
구의 증명,http://www.aladin.co.kr/shop/wproduct.aspx?ItemId=315614621&amp;partner=openAPI&amp;start=api,최진영 (지은이),2023-04-26,사랑하는 연인의 갑작스러운 죽음 이후 겪게 되는 상실과 애도의 과정을 통해 삶의 의미 혹은 죽음의 의미를 되묻는 소설이다. 이 작품에서 최진영은 퇴색하지 않는 사랑의 가치를 전면에 내세우고 아름다운 문장과 감성적이며 애절한 감수성을 통해 젊고 아름다운 남녀의 열정적인 사랑과 냉정한 죽음에 대해 세련된 감성과 탁월한 문체로 담아내고 있다.,K782832854,9791167372864,315614621,10800,12000,BOOK,,600,https://image.aladin.co.kr/product/31561/46/coversum/k782832854_1.jpg,50993,국내도서>소설/시/희곡>한국소설>2000년대 이후 한국소설,은행나무,62000,False,True,8,20,{},"{'seriesId': 79814, 'seriesLink': 'http://www.aladin.co.kr/shop/common/wseriesitem.aspx?SRID=79814&amp;partner=openAPI', 'seriesName': '은행나무 시리즈 N°(노벨라) 7'}"
리버보이 - 전면개정판,http://www.aladin.co.kr/shop/wproduct.aspx?ItemId=339337836&amp;partner=openAPI&amp;start=api,"팀 보울러 (지은이), 정해영 (옮긴이)",2024-05-10,출간 당시 『해리포터』를 제치고 만장일치로 카네기 메달을 수상한 성장소설의 정수 『리버보이』가 국내에 소개된 지 어느덧 17년의 시간이 흘렀다. 죽음을 앞둔 할아버지와 열다섯 살 손녀 제스의 가슴 먹먹한 이별 여행의 감동을 잊지 못한 첫 독자들은 이제 자신의 자녀들과 함께 『리버보이』를 다시 읽는다.,K282930134,9791130671024,339337836,13500,15000,BOOK,,750,https://image.aladin.co.kr/product/33933/78/coversum/k282930134_1.jpg,50759,국내도서>청소년>청소년 문학>청소년 소설,다산책방,27650,False,True,10,21,{},"{'seriesId': 1028849, 'seriesLink': 'http://www.aladin.co.kr/shop/common/wseriesitem.aspx?SRID=1028849&amp;partner=openAPI', 'seriesName': '다산책방 청소년문학 1'}"
바다가 들리는 편의점 3,http://www.aladin.co.kr/shop/wproduct.aspx?ItemId=339004674&amp;partner=openAPI&amp;start=api,"마치다 소노코 (지은이), 황국영 (옮긴이)",2024-05-10,"감동 힐링 분야의 화제 시리즈, ‘바다가 들리는 편의점’이 더욱 흥미진진한 에피소드, 더 매력적인 등장인물들과 함께 3권으로 돌아왔다. ‘바다가 들리는 편의점’은 개성 넘치는 만화적 캐릭터들과 평범한 이웃과도 같은 인물들이 서로의 사연에 공감하며 손을 내밀고 맞잡는 과정을 통해 독자들에게 따뜻한 위로를 안겨 주는 힐링 소설이다.",K942930928,9791193358849,339004674,13950,15500,BOOK,,770,https://image.aladin.co.kr/product/33900/46/coversum/k942930928_2.jpg,50998,국내도서>소설/시/희곡>일본소설>1950년대 이후 일본소설,모모,11070,False,True,10,22,{},"{'seriesId': 1131038, 'seriesLink': 'http://www.aladin.co.kr/shop/common/wseriesitem.aspx?SRID=1131038&amp;partner=openAPI', 'seriesName': '바다가 들리는 편의점 3'}"
사랑이 죽었는지 가서 보고 오렴,http://www.aladin.co.kr/shop/wproduct.aspx?ItemId=337664472&amp;partner=openAPI&amp;start=api,박연준 (지은이),2024-04-15,"2004년 중앙신인문학상에 당선되어 등단한 이후 시와 산문, 소설 등 장르를 넘나들며 독자들의 아낌없는 사랑을 받아온 박연준 시인의 다섯번째 시집. 이번 시집에서는 보다 더 ‘작은 것’에 집중한 화자를 만날 수 있다.",8954699448,9788954699440,337664472,10800,12000,BOOK,,600,https://image.aladin.co.kr/product/33766/44/coversum/8954699448_1.jpg,51167,국내도서>소설/시/희곡>시>한국시,문학동네,25085,False,True,10,23,{},"{'seriesId': 21977, 'seriesLink': 'http://www.aladin.co.kr/shop/common/wseriesitem.aspx?SRID=21977&amp;partner=openAPI', 'seriesName': '문학동네 시인선 209'}"
I의 비극,http://www.aladin.co.kr/shop/wproduct.aspx?ItemId=336431851&amp;partner=openAPI&amp;start=api,"요네자와 호노부 (지은이), 문승준 (옮긴이)",2024-04-25,"
모든 주민이 고령으로 사망하거나 요양 센터로 떠나고, 마지막 남은 주민까지 자살을 시도한 후 6년 동안 아무도 살지 않게 된 유령 마을 ‘미노이시’를 배경으로 이야기는 시작된다. 새롭게 취임한 시장은 타 지역에서 이사 오는 주민을 지원하자는 취지의 ‘I턴 프로젝트’를 시작하는데...",K582939311,9791191803242,336431851,16200,18000,BOOK,,900,https://image.aladin.co.kr/product/33643/18/coversum/k582939311_1.jpg,51058,국내도서>소설/시/희곡>추리/미스터리소설>일본 추리/미스터리소설,내친구의서재,20930,False,True,10,24,{},
파과 (리커버),http://www.aladin.co.kr/shop/wproduct.aspx?ItemId=337280601&amp;partner=openAPI&amp;start=api,구병모 (지은이),2018-04-16,한국 소설에 가장 강렬하게 새겨질 새로운 여성 서사를 탄생시킨 구병모 작가의 《파과》가 새 옷을 갈아입었다. 40여 년간 날카롭고 냉혹하게 청부 살인을 업으로 삼아온 60대 여성 킬러 ‘조각(爪角)’. 몸도 기억도 예전 같지 않게 삐걱거리기 시작하면서 이제는 퇴물 취급을 받는다.,K262939544,9791162203620,337280601,14220,15800,BOOK,,790,https://image.aladin.co.kr/product/33728/6/coversum/k262939544_2.jpg,50993,국내도서>소설/시/희곡>한국소설>2000년대 이후 한국소설,위즈덤하우스,42986,False,True,9,25,{},
나쓰메 소세키 기담집 - 기이하고 아름다운 열세 가지 이야기,http://www.aladin.co.kr/shop/wproduct.aspx?ItemId=337077983&amp;partner=openAPI&amp;start=api,"나쓰메 소세키 (지은이), 히가시 마사오 (엮은이), 김소운 (옮긴이)",2024-04-26,"기담의 사전적 정의는 ‘이상야릇하고 재밌는 이야기’다. ‘이상야릇’한 것은 무엇일까. 우리는 뭔가 평범치 않고 묘한 것, 또는 낯설거나 독특한 일들을 마주할 때 ‘이상야릇하다’고 표현한다. 이러한 관점에서 볼 때 『나쓰메 소세키 기담집』의 이야기들은 ‘기담’의 정의와 제대로 맞물린다.",K962939343,9791169092203,337077983,16200,18000,BOOK,,900,https://image.aladin.co.kr/product/33707/79/coversum/s052930028_1.jpg,50996,국내도서>소설/시/희곡>일본소설>1950년대 이전 일본소설,글항아리,18865,False,True,9,26,{},
정오에서 가장 먼 시간,http://www.aladin.co.kr/shop/wproduct.aspx?ItemId=339488780&amp;partner=openAPI&amp;start=api,도종환 (지은이),2024-05-10,"한국시단을 대표하는 서정시인으로서 2024년 올해 등단 40주년을 맞이한 도종환의 열두번째 시집 『정오에서 가장 먼 시간』이 창비시선 501번으로 출간되었다. 세월호 참사의 아픔을 보듬는 “격렬한 희망”(박성우, 추천사)의 시로 먹먹한 감동을 선사한 『사월 바다』(창비 2016) 이후 8년 만에 펴내는 뜻깊은 시집이다.",8936425013,9788936425012,339488780,9900,11000,BOOK,,550,https://image.aladin.co.kr/product/33948/87/coversum/8936425013_1.jpg,51167,국내도서>소설/시/희곡>시>한국시,창비,8080,False,True,9,29,{},"{'seriesId': 5426, 'seriesLink': 'http://www.aladin.co.kr/shop/common/wseriesitem.aspx?SRID=5426&amp;partner=openAPI', 'seriesName': '창비시선 501'}"
데미안 (오리지널 초판본 표지디자인) - 최신 원전 완역본,http://www.aladin.co.kr/shop/wproduct.aspx?ItemId=98710881&amp;partner=openAPI&amp;start=api,"헤르만 헤세 (지은이), 이미영 (옮긴이), 김선형 (해설)",2017-01-01,헤르만 헤세의 ‘영혼의 전기’로 소개되는 《데미안》은 깊이 있는 정신분석과 자기 탐구로 가시밭 같은 자아 성찰의 길을 섬세하게 그려낸 그의 대표작이다. 이 책을 1919년 오리지널 초판본의 우아한 표지로 다시 만나보자.,K042535550,9791187011590,98710881,2970,3300,BOOK,,160,https://image.aladin.co.kr/product/9871/8/coversum/k042535550_2.jpg,50922,국내도서>소설/시/희곡>독일소설,코너스톤,76965,False,True,10,30,{},"{'seriesId': 1077972, 'seriesLink': 'http://www.aladin.co.kr/shop/common/wseriesitem.aspx?SRID=1077972&amp;partner=openAPI', 'seriesName': '코너스톤 착한 고전 시리즈 1'}"
이건 다만 사랑의 습관,http://www.aladin.co.kr/shop/wproduct.aspx?ItemId=336956202&amp;partner=openAPI&amp;start=api,"안희연, 황인찬 (엮은이)",2024-03-29,1975년 첫 발간부터 지금까지 한국문학의 최첨단에서 평단의 주목과 대중의 호응을 동시에 받아온 창비시선이 500번을 맞아 기념시선집 『이건 다만 사랑의 습관』을 출간했다.,8936402943,9788936402945,336956202,9900,11000,BOOK,,550,https://image.aladin.co.kr/product/33695/62/coversum/8936402943_1.jpg,51167,국내도서>소설/시/희곡>시>한국시,창비,29550,False,True,10,31,{},"{'seriesId': 5426, 'seriesLink': 'http://www.aladin.co.kr/shop/common/wseriesitem.aspx?SRID=5426&amp;partner=openAPI', 'seriesName': '창비시선 500'}"
아주 희미한 빛으로도,http://www.aladin.co.kr/shop/wproduct.aspx?ItemId=321294005&amp;partner=openAPI&amp;start=api,최은영 (지은이),2023-08-07,"‘함께 성장해나가는 우리 세대의 소설가’를 갖는 드문 경험을 선사하며 동료 작가와 평론가, 독자 모두에게 특별한 이름으로 자리매김한 최은영의 세번째 소설집. 이번 소설집은 이전 작품들에 담긴 문제의식을 한층 더 깊고 날카로운 시선으로 이어나간다.",8954695051,9788954695053,321294005,15120,16800,BOOK,,840,https://image.aladin.co.kr/product/32129/40/coversum/s672937436_1.jpg,50993,국내도서>소설/시/희곡>한국소설>2000년대 이후 한국소설,문학동네,90389,False,True,9,32,{},
웨하스 소년,http://www.aladin.co.kr/shop/wproduct.aspx?ItemId=339153741&amp;partner=openAPI&amp;start=api,이유리 (지은이),2024-05-10,"경쾌한 호흡, 긴 여운으로 당대 개성 넘치는 한국문학 작가들의 작품을 만나볼 수 있는 마음산책 짧은 소설이 스무 권째 출간을 맞이했다. 스무 번째 짧은 소설은 2020년 &lt;경향신문&gt; 신춘문예에 당선될 당시 ""능청스러우면서도 낯선 상상력과 활달한 문체""라는 평을 받으며 흔들림 없는 자기 구역을 확보해온 이유리 작가의 『웨하스 소년』이다.",8960908835,9788960908833,339153741,13500,15000,BOOK,,750,https://image.aladin.co.kr/product/33915/37/coversum/8960908835_1.jpg,50993,국내도서>소설/시/희곡>한국소설>2000년대 이후 한국소설,마음산책,4920,False,True,9,33,{},"{'seriesId': 609435, 'seriesLink': 'http://www.aladin.co.kr/shop/common/wseriesitem.aspx?SRID=609435&amp;partner=openAPI', 'seriesName': '마음산책 짧은 소설 '}"
불편한 편의점 (벚꽃 에디션),http://www.aladin.co.kr/shop/wproduct.aspx?ItemId=290457417&amp;partner=openAPI&amp;start=api,김호연 (지은이),2021-04-20,,K192836746,9791161571188,290457417,12600,14000,BOOK,,700,https://image.aladin.co.kr/product/29045/74/coversum/k192836746_2.jpg,50993,국내도서>소설/시/희곡>한국소설>2000년대 이후 한국소설,나무옆의자,251587,False,True,9,34,{},"{'seriesId': 1135662, 'seriesLink': 'http://www.aladin.co.kr/shop/common/wseriesitem.aspx?SRID=1135662&amp;partner=openAPI', 'seriesName': '불편한 편의점 1'}"
도시와 그 불확실한 벽,http://www.aladin.co.kr/shop/wproduct.aspx?ItemId=323553082&amp;partner=openAPI&amp;start=api,"무라카미 하루키 (지은이), 홍은주 (옮긴이)",2023-09-06,"고교생 에세이 대회에서 만나 서로 좋아하게 된 그들은, 화창한 여름날 순수한 한쌍의 소년과 소녀였다. 그러던 어느 날, 소녀가 알 수 없는 말을 한다. “지금 여기 있는 나는 진짜 내가 아니야. 진짜 나는 높은 벽으로 둘러싸인 그 도시에 살아.” 소년은 소녀가 들려주는 도시 이야기에 빠져든다.",8954699073,9788954699075,323553082,17550,19500,BOOK,,970,https://image.aladin.co.kr/product/32355/30/coversum/s882937331_1.jpg,50998,국내도서>소설/시/희곡>일본소설>1950년대 이후 일본소설,문학동네,191755,False,True,9,35,{},
인계철선,http://www.aladin.co.kr/shop/wproduct.aspx?ItemId=339573142&amp;partner=openAPI&amp;start=api,"리 차일드 (지은이), 다니엘 J. (옮긴이)",2024-05-14,낮에는 삽으로 수영장을 파고 밤에는 스트립 바의 기도로 일하며 투명인간의 삶을 살고 있던 잭 리처는 어느 날 중년의 사립탐정과 맞닥뜨린다. ‘제이콥 부인’이 잭 리처를 찾고 있다는 탐정의 말에 리처는 모르는 사람이라며 본능적으로 자신을 감춘다.,K652930043,9791192385259,339573142,16200,18000,BOOK,,900,https://image.aladin.co.kr/product/33957/31/coversum/k652930043_1.jpg,107436,국내도서>소설/시/희곡>액션/스릴러소설>외국 액션/스릴러소설,오픈하우스,3640,False,True,10,36,{},"{'seriesId': 16526, 'seriesLink': 'http://www.aladin.co.kr/shop/common/wseriesitem.aspx?SRID=16526&amp;partner=openAPI', 'seriesName': '잭 리처 컬렉션 '}"
참을 수 없는 존재의 가벼움 - 국내 출간 30주년 기념 특별판,http://www.aladin.co.kr/shop/wproduct.aspx?ItemId=152511699&amp;partner=openAPI&amp;start=api,"밀란 쿤데라 (지은이), 이재룡 (옮긴이)",2018-06-20,"현재에서 멀지 않은 20세기 작가이지만 이미 살아 있는 신화가 된 작가, 밀란 쿤데라. 쿤데라 작품을 독점 계약, 출판하고 있는 민음사가 밀란 쿤데라 국내 소개 30주년을 맞아 선보이는 &lt;참을 수 없는 존재의 가벼움&gt; 리뉴얼 판이다.",8937437562,9788937437564,152511699,15300,17000,BOOK,,850,https://image.aladin.co.kr/product/15251/16/coversum/8937437562_1.jpg,51036,국내도서>소설/시/희곡>세계의 소설>동유럽소설,민음사,85252,False,True,9,37,{},
남은 인생 10년,http://www.aladin.co.kr/shop/wproduct.aspx?ItemId=336105554&amp;partner=openAPI&amp;start=api,"코사카 루카 (지은이), 김지연 (옮긴이)",2024-03-22,일본에서 누적 부수 80만 부를 돌파한 베스트셀러 《남은 인생 10년》이 섬세한 감정선을 살린 새 번역과 이야기의 분위기를 그대로 옮겨온 이규태 작가의 일러스트를 입은 새 표지로 전격 재출간된다.,K312939913,9791193358689,336105554,15300,17000,BOOK,,850,https://image.aladin.co.kr/product/33610/55/coversum/k312939913_1.jpg,50998,국내도서>소설/시/희곡>일본소설>1950년대 이후 일본소설,모모,14405,False,True,10,38,{},
프로젝트 헤일메리,http://www.aladin.co.kr/shop/wproduct.aspx?ItemId=270454373&amp;partner=openAPI&amp;start=api,"앤디 위어 (지은이), 강동혁 (옮긴이)",2021-05-04,"데뷔작 《마션》과 후속작 《아르테미스》가 연달아 대성공을 거두며 뉴욕 타임스와 아마존 베스트셀러에 이름을 올린 명실상부 최고의 SF 작가, 앤디 위어의 신작. 지구를 구하기 위해서 정작 스스로는 지구로 돌아오지 못할 헤일메리호에 오른 ‘좋은 사람’인 주인공의 이야기가 펼쳐진다.",8925588730,9788925588735,270454373,19800,22000,BOOK,,1100,https://image.aladin.co.kr/product/27045/43/coversum/8925588730_1.jpg,89481,국내도서>소설/시/희곡>과학소설(SF)>외국 과학소설,알에이치코리아(RHK),31585,False,True,9,39,{},"{'seriesId': 979461, 'seriesLink': 'http://www.aladin.co.kr/shop/common/wseriesitem.aspx?SRID=979461&amp;partner=openAPI', 'seriesName': '앤디 위어 우주 3부작 '}"
"어서 오세요, 휴남동 서점입니다 (일본서점대상 수상기념 리커버)",http://www.aladin.co.kr/shop/wproduct.aspx?ItemId=337835320&amp;partner=openAPI&amp;start=api,황보름 (지은이),2022-01-17,"황보름 장편소설 『어서 오세요, 휴남동 서점입니다』가 2024년 일본 서점대상 1위(번역소설부문)를 수상했다. 일본 서점대상은 2004년 제정된 일본의 문학상으로, 서점 직원들의 ‘가장 팔고 싶은 책’ 직접 투표로 수상작이 선정된다. 2012년부터는 번역소설부문의 시상도 시작되었으며, 한국소설이 이 부문 1위를 수상한 건 손원평 작가의 『아몬드』와 『서른의 반격』에 이어 이번이 세 번째다.",K872930470,9791197377143,337835320,13500,15000,BOOK,,750,https://image.aladin.co.kr/product/33783/53/coversum/k872930470_1.jpg,50993,국내도서>소설/시/희곡>한국소설>2000년대 이후 한국소설,클레이하우스,36650,False,True,9,40,{},
일러두기 - 2024년 제47회 이상문학상 작품집,http://www.aladin.co.kr/shop/wproduct.aspx?ItemId=338120740&amp;partner=openAPI&amp;start=api,"조경란, 김기태, 박민정, 박솔뫼, 성혜령, 최미래 (지은이)",2024-04-09,"2024년 제47회 이상문학상 심사위원회(권영민, 구효서, 김종욱, 윤대녕, 전경린)는 2023년 한 해 동안 국내에 발표된 중단편소설을 엄선하여 가장 많은 지지를 얻은 조경란의 「일러두기」를 대상 수상작으로 선정했다.",8970125949,9788970125947,338120740,14850,16500,BOOK,,820,https://image.aladin.co.kr/product/33812/7/coversum/8970125949_1.jpg,50993,국내도서>소설/시/희곡>한국소설>2000년대 이후 한국소설,문학사상,13430,False,True,10,41,{},
세상의 마지막 기차역 (리커버 에디션),http://www.aladin.co.kr/shop/wproduct.aspx?ItemId=311966272&amp;partner=openAPI&amp;start=api,"무라세 다케시 (지은이), 김지연 (옮긴이)",2022-05-11,"우리를 뜨겁게 울린 화제의 소설 ‘세상의 마지막 기차역’ 의 20만 부 기념 리커버 에디션이 출간되었다. 이번 리커버 에디션은 20만 부 판매 돌파를 기념한 것으로, 믿고 보는 일러스트레이터 반지수 작가와의 콜라보레이션을 통해 화사한 봄날을 배경으로 재탄생했다.",K272831051,9791191043754,311966272,12600,14000,BOOK,,700,https://image.aladin.co.kr/product/31196/62/coversum/k272831051_1.jpg,51120,국내도서>소설/시/희곡>판타지/환상문학>외국판타지/환상소설,모모,55976,False,True,9,42,{},
인간 실격,http://www.aladin.co.kr/shop/wproduct.aspx?ItemId=491611&amp;partner=openAPI&amp;start=api,"다자이 오사무 (지은이), 김춘미 (옮긴이)",2004-05-15,"자살 미수와 약물 중독, 39세의 젊은 나이에 자살로 생을 마감한 다자이 오사무의 작품 <인간 실격>이 출간됐다. 오직 순수함만을 갈망하는 한 젊은이가 파멸해가는 과정이 그려진다. 뉴욕 타임스는 '인간의 나약함을 드러내는 데 있어 다자이보다 뛰어난 작가는 드물다'고 평했다.",893746103X,9788937461033,491611,8100,9000,BOOK,,450,https://image.aladin.co.kr/product/49/16/coversum/893746103x_3.jpg,50996,국내도서>소설/시/희곡>일본소설>1950년대 이전 일본소설,민음사,81737,False,True,9,43,{},"{'seriesId': 13679, 'seriesLink': 'http://www.aladin.co.kr/shop/common/wseriesitem.aspx?SRID=13679&amp;partner=openAPI', 'seriesName': '민음사 세계문학전집 103'}"
샤워젤과 소다수,http://www.aladin.co.kr/shop/wproduct.aspx?ItemId=326306336&amp;partner=openAPI&amp;start=api,고선경 (지은이),2023-10-19,"체념과 무기력만 남은 듯한 세상에 희망이라는 농담을 던지며 자신을 향한 믿음을 놓지 않는 청년 세대를 그리는 시인, 고선경의 첫번째 시집 『샤워젤과 소다수』를 문학동네시인선 202번으로 출간한다.",8954696015,9788954696012,326306336,10800,12000,BOOK,,600,https://image.aladin.co.kr/product/32630/63/coversum/8954696015_1.jpg,51167,국내도서>소설/시/희곡>시>한국시,문학동네,20426,False,True,9,44,{},"{'seriesId': 21977, 'seriesLink': 'http://www.aladin.co.kr/shop/common/wseriesitem.aspx?SRID=21977&amp;partner=openAPI', 'seriesName': '문학동네 시인선 202'}"
악스트 Axt 2024.5.6 - no.54,http://www.aladin.co.kr/shop/wproduct.aspx?ItemId=339539700&amp;partner=openAPI&amp;start=api,악스트 편집부 (지은이),2024-05-14,"새로워진 격월간 문학잡지 『Axt』 54호의 키워드는 ‘셀프 돌봄(Self-care)’이다. 어쩔 수 없이 함께 살아갈 수밖에 없는 나의 몸과 마음을 어떻게 보살피고 다독일 것인지, 그리하여 생활을 제대로 건사하고 올바르게 외부 세계로 나아갈 방법은 무엇인지. 홀로 자신을 돌볼 수밖에 없는 환경과 인간의 돌봄이 가닿는 범위에 대한 고찰까지, 이번 호를 통해 살펴보고자 한다.",K972930439,9772384367000,339539700,9000,10000,BOOK,,500,https://image.aladin.co.kr/product/33953/97/coversum/k972930439_1.jpg,189511,국내도서>소설/시/희곡>문학 잡지>악스트,은행나무,4120,False,False,10,45,{},"{'seriesId': 116059, 'seriesLink': 'http://www.aladin.co.kr/shop/common/wseriesitem.aspx?SRID=116059&amp;partner=openAPI', 'seriesName': '악스트 Axt '}"
초록의 어두운 부분,http://www.aladin.co.kr/shop/wproduct.aspx?ItemId=339293604&amp;partner=openAPI&amp;start=api,조용미 (지은이),2024-05-08,어둠 속에서 더 선명해지는 아름다움을 노래하는 시인 조용미의 여덟번째 시집. 30여 년간 부지런히 시를 쓰고 발표해온 그의 초록빛 언어는 여전히 싱그럽고 동시에 웅숭깊다. 오랫동안 지극한 눈길로 무언가를 바라본 자만이 빚어낼 법한 생의 풍경이 이번 시집 곳곳에 도저하다.,8932042748,9788932042749,339293604,10800,12000,BOOK,,600,https://image.aladin.co.kr/product/33929/36/coversum/8932042748_1.jpg,51167,국내도서>소설/시/희곡>시>한국시,문학과지성사,5280,False,True,0,46,{},"{'seriesId': 4612, 'seriesLink': 'http://www.aladin.co.kr/shop/common/wseriesitem.aspx?SRID=4612&amp;partner=openAPI', 'seriesName': '문학과지성 시인선 602'}"
정욕 - 바른 욕망,http://www.aladin.co.kr/shop/wproduct.aspx?ItemId=336636954&amp;partner=openAPI&amp;start=api,"아사이 료 (지은이), 민경욱 (옮긴이)",2024-03-28,"2021년 출간 이후, 일본 최고 문제작이자 화제작으로 떠오른 장편소설 《정욕》이 리드비에서 소개된다. 최연소 남성 나오키상 수상 작가 아사이 료의 데뷔 10주년 기념작이기도 한 이 작품은 성적 욕망을 뜻하는 ‘정욕(情慾)’, 마음속의 욕구를 다룬 ‘정욕(情欲)’이 아닌 ‘바른 욕망’이란 뜻의 ‘正欲’이란 한자를 제목으로 삼고 있다.",K732939627,9791192738260,336636954,15480,17200,BOOK,,860,https://image.aladin.co.kr/product/33663/69/coversum/k732939627_1.jpg,50998,국내도서>소설/시/희곡>일본소설>1950년대 이후 일본소설,리드비,21685,False,True,9,47,{},
미 비포 유,http://www.aladin.co.kr/shop/wproduct.aspx?ItemId=338505472&amp;partner=openAPI&amp;start=api,"조조 모예스 (지은이), 김선형 (옮긴이)",2024-04-25,"2014년 초판이 출간된 이후 쇄를 거듭하며 사랑받은 소설 『미 비포 유』가 10년 만에 전면 개정판으로 돌아왔다. 럭셔리 브랜드와의 협업, 더현대 사진전 11만 관람객을 동원한 봄을 찍는 포토그래퍼 ‘테레사 프레이타스’와 협업한 표지로 새로운 시작을 화사하게 알린다.",K082930104,9791130651606,338505472,16200,18000,BOOK,,900,https://image.aladin.co.kr/product/33850/54/coversum/k082930104_1.jpg,50919,국내도서>소설/시/희곡>영미소설,다산책방,7105,False,True,10,48,{},
홍학의 자리,http://www.aladin.co.kr/shop/wproduct.aspx?ItemId=275879438&amp;partner=openAPI&amp;start=api,정해연 (지은이),2021-07-26,10년 가까이 스릴러 장르에 매진하며 장편 단편 할 것 없이 독자들의 눈길을 사로잡는 작품을 발표한 정해연 작가의 신작. 프롤로그를 시작으로 총 21개의 챕터로 구성된 이 작품은 매 챕터마다 놀라운 전개와 탁월한 스토리텔링을 보여준다.,8954681158,9788954681155,275879438,12600,14000,BOOK,,700,https://image.aladin.co.kr/product/27587/94/coversum/8954681158_1.jpg,51065,국내도서>소설/시/희곡>추리/미스터리소설>한국 추리/미스터리소설,엘릭시르,27974,False,True,8,49,{},
분실물이 돌아왔습니다,http://www.aladin.co.kr/shop/wproduct.aspx?ItemId=335137318&amp;partner=openAPI&amp;start=api,김혜정 (지은이),2024-02-21,"『오백 년째 열다섯 1,2』, 『하이킹 걸즈』, 『판타스틱 걸』(드라마 [안녕, 나야] 원작), 『헌터걸』 시리즈 등 청소년 소설과 동화를 주로 써오던 김혜정 작가가 이번에는 어른을 위한 첫 장편을 선보인다.",K072938554,9791169083812,335137318,14400,16000,BOOK,,800,https://image.aladin.co.kr/product/33513/73/coversum/k072938554_2.jpg,50993,국내도서>소설/시/희곡>한국소설>2000년대 이후 한국소설,오리지널스,15175,False,True,10,50,{},
